epoch,train_loss,eval_loss,eval_top1,eval_top5
0,6.91216516494751,6.92445565151197,0.0959980928555257,0.5139897741771183
epoch,train_loss,eval_loss,eval_top1,eval_top5
0,6.91216516494751,6.92445565151197,0.0959980928555257,0.5139897741771183
epoch,train_loss,eval_loss,eval_top1,eval_top5
1,6.747548222541809,6.866915864807704,0.2559949067284523,1.2559749872187957
epoch,train_loss,eval_loss,eval_top1,eval_top5
1,6.747548222541809,6.866915864807704,0.2559949067284523,1.2559749872187957
epoch,train_loss,eval_loss,eval_top1,eval_top5
2,6.507365822792053,6.7057192449901,0.8039839865761955,2.923941746558841
epoch,train_loss,eval_loss,eval_top1,eval_top5
2,6.507365822792053,6.7057192449901,0.8039839865761955,2.923941746558841
epoch,train_loss,eval_loss,eval_top1,eval_top5
3,6.3605111837387085,6.452053693301134,1.5619688937407545,5.445891438530711
epoch,train_loss,eval_loss,eval_top1,eval_top5
3,6.3605111837387085,6.452053693301134,1.5619688937407545,5.445891438530711
epoch,train_loss,eval_loss,eval_top1,eval_top5
4,6.221124649047852,5.991276033854323,3.6299276840009465,11.355773644376661
epoch,train_loss,eval_loss,eval_top1,eval_top5
4,6.221124649047852,5.991276033854323,3.6299276840009465,11.355773644376661
epoch,train_loss,eval_loss,eval_top1,eval_top5
5,5.98097026348114,5.462672777794444,7.415852172077042,20.075599748915057
epoch,train_loss,eval_loss,eval_top1,eval_top5
5,5.98097026348114,5.462672777794444,7.415852172077042,20.075599748915057
epoch,train_loss,eval_loss,eval_top1,eval_top5
6,5.7895729541778564,4.919496375697486,12.681747243866004,30.02940139134229
epoch,train_loss,eval_loss,eval_top1,eval_top5
6,5.7895729541778564,4.919496375697486,12.681747243866004,30.02940139134229
epoch,train_loss,eval_loss,eval_top1,eval_top5
7,5.595013976097107,4.304331960235795,19.989601519996576,41.809166579653635
epoch,train_loss,eval_loss,eval_top1,eval_top5
7,5.595013976097107,4.304331960235795,19.989601519996576,41.809166579653635
epoch,train_loss,eval_loss,eval_top1,eval_top5
8,5.4491904973983765,3.6905790399817002,28.34743505809663,52.9729439487138
epoch,train_loss,eval_loss,eval_top1,eval_top5
8,5.4491904973983765,3.6905790399817002,28.34743505809663,52.9729439487138
epoch,train_loss,eval_loss,eval_top1,eval_top5
9,5.3227163553237915,3.165790746685066,36.24727749860286,61.99076381021208
epoch,train_loss,eval_loss,eval_top1,eval_top5
9,5.3227163553237915,3.165790746685066,36.24727749860286,61.99076381021208
epoch,train_loss,eval_loss,eval_top1,eval_top5
10,5.201626420021057,2.754767560898782,42.85314550529668,68.77862962088902
epoch,train_loss,eval_loss,eval_top1,eval_top5
10,5.201626420021057,2.754767560898782,42.85314550529668,68.77862962088902
epoch,train_loss,eval_loss,eval_top1,eval_top5
11,5.038764595985413,2.4404114652081956,48.151039960768166,73.68053150869356
epoch,train_loss,eval_loss,eval_top1,eval_top5
11,5.038764595985413,2.4404114652081956,48.151039960768166,73.68053150869356
epoch,train_loss,eval_loss,eval_top1,eval_top5
12,4.9937989711761475,2.208204683562579,52.49495328941077,77.42045689847922
epoch,train_loss,eval_loss,eval_top1,eval_top5
12,4.9937989711761475,2.208204683562579,52.49495328941077,77.42045689847922
epoch,train_loss,eval_loss,eval_top1,eval_top5
13,4.918429732322693,2.033954340444441,55.926884971669466,80.27440017148143
epoch,train_loss,eval_loss,eval_top1,eval_top5
13,4.918429732322693,2.033954340444441,55.926884971669466,80.27440017148143
epoch,train_loss,eval_loss,eval_top1,eval_top5
14,4.848646640777588,1.901605249145017,58.606831590480006,82.47435625735118
epoch,train_loss,eval_loss,eval_top1,eval_top5
14,4.848646640777588,1.901605249145017,58.606831590480006,82.47435625735118
epoch,train_loss,eval_loss,eval_top1,eval_top5
15,4.757880091667175,1.7990678272372052,60.76078869261238,83.94632624727267
epoch,train_loss,eval_loss,eval_top1,eval_top5
15,4.757880091667175,1.7990678272372052,60.76078869261238,83.94632624727267
epoch,train_loss,eval_loss,eval_top1,eval_top5
16,4.679794192314148,1.7143244439798704,62.59075274701782,85.26429976771558
epoch,train_loss,eval_loss,eval_top1,eval_top5
16,4.679794192314148,1.7143244439798704,62.59075274701782,85.26429976771558
epoch,train_loss,eval_loss,eval_top1,eval_top5
17,4.709243297576904,1.6431106729427911,63.97672432491902,86.1942816075319
epoch,train_loss,eval_loss,eval_top1,eval_top5
17,4.709243297576904,1.6431106729427911,63.97672432491902,86.1942816075319
epoch,train_loss,eval_loss,eval_top1,eval_top5
18,4.6299943923950195,1.5840270889894703,65.12870116544812,86.88226776205443
epoch,train_loss,eval_loss,eval_top1,eval_top5
18,4.6299943923950195,1.5840270889894703,65.12870116544812,86.88226776205443
epoch,train_loss,eval_loss,eval_top1,eval_top5
19,4.588116645812988,1.538861586049529,65.91268590674329,87.63225292073749
epoch,train_loss,eval_loss,eval_top1,eval_top5
19,4.588116645812988,1.538861586049529,65.91268590674329,87.63225292073749
epoch,train_loss,eval_loss,eval_top1,eval_top5
20,4.551236152648926,1.5008128548366533,66.67467097237035,88.10824346928588
epoch,train_loss,eval_loss,eval_top1,eval_top5
20,4.551236152648926,1.5008128548366533,66.67467097237035,88.10824346928588
epoch,train_loss,eval_loss,eval_top1,eval_top5
21,4.496530771255493,1.4645939698393533,67.41265650517067,88.62423302681407
epoch,train_loss,eval_loss,eval_top1,eval_top5
21,4.496530771255493,1.4645939698393533,67.41265650517067,88.62423302681407
epoch,train_loss,eval_loss,eval_top1,eval_top5
22,4.483849763870239,1.4280764970638087,68.13264179235458,89.02022521774906
epoch,train_loss,eval_loss,eval_top1,eval_top5
22,4.483849763870239,1.4280764970638087,68.13264179235458,89.02022521774906
epoch,train_loss,eval_loss,eval_top1,eval_top5
23,4.437922239303589,1.3960589342900642,68.79062934427347,89.47821602695754
epoch,train_loss,eval_loss,eval_top1,eval_top5
23,4.437922239303589,1.3960589342900642,68.79062934427347,89.47821602695754
epoch,train_loss,eval_loss,eval_top1,eval_top5
24,4.3765629529953,1.365730185396292,69.4786149330114,89.81421024503094
epoch,train_loss,eval_loss,eval_top1,eval_top5
24,4.3765629529953,1.365730185396292,69.4786149330114,89.81421024503094
epoch,train_loss,eval_loss,eval_top1,eval_top5
25,4.372749447822571,1.3365341482232855,70.07260349910189,90.19420129541746
epoch,train_loss,eval_loss,eval_top1,eval_top5
25,4.372749447822571,1.3365341482232855,70.07260349910189,90.19420129541746
epoch,train_loss,eval_loss,eval_top1,eval_top5
26,4.301288604736328,1.3115528509742305,70.55659352801104,90.51019552286567
epoch,train_loss,eval_loss,eval_top1,eval_top5
26,4.301288604736328,1.3115528509742305,70.55659352801104,90.51019552286567
epoch,train_loss,eval_loss,eval_top1,eval_top5
27,4.243484139442444,1.289787641747165,70.98058571543413,90.80618984162675
epoch,train_loss,eval_loss,eval_top1,eval_top5
27,4.243484139442444,1.289787641747165,70.98058571543413,90.80618984162675
epoch,train_loss,eval_loss,eval_top1,eval_top5
28,4.2931822538375854,1.271899269045869,71.40257659690556,91.03618542771967
epoch,train_loss,eval_loss,eval_top1,eval_top5
28,4.2931822538375854,1.271899269045869,71.40257659690556,91.03618542771967
epoch,train_loss,eval_loss,eval_top1,eval_top5
29,4.2392356395721436,1.2541441358672827,71.81656881236155,91.13018309808974
epoch,train_loss,eval_loss,eval_top1,eval_top5
29,4.2392356395721436,1.2541441358672827,71.81656881236155,91.13018309808974
epoch,train_loss,eval_loss,eval_top1,eval_top5
30,4.232329726219177,1.2354985712785744,72.1805613144634,91.38417904096752
epoch,train_loss,eval_loss,eval_top1,eval_top5
30,4.232329726219177,1.2354985712785744,72.1805613144634,91.38417904096752
epoch,train_loss,eval_loss,eval_top1,eval_top5
31,4.206688761711121,1.2192014265183446,72.40055717440339,91.58817427624837
epoch,train_loss,eval_loss,eval_top1,eval_top5
31,4.206688761711121,1.2192014265183446,72.40055717440339,91.58817427624837
epoch,train_loss,eval_loss,eval_top1,eval_top5
32,4.255710959434509,1.207138269343988,72.6405520966424,91.69017186093046
epoch,train_loss,eval_loss,eval_top1,eval_top5
32,4.255710959434509,1.207138269343988,72.6405520966424,91.69017186093046
epoch,train_loss,eval_loss,eval_top1,eval_top5
33,4.223539113998413,1.1954969787323004,72.85254843777025,91.8521688791688
epoch,train_loss,eval_loss,eval_top1,eval_top5
33,4.223539113998413,1.1954969787323004,72.85254843777025,91.8521688791688
epoch,train_loss,eval_loss,eval_top1,eval_top5
34,4.219206809997559,1.185018340648812,73.0805435533135,91.97616638304441
epoch,train_loss,eval_loss,eval_top1,eval_top5
34,4.219206809997559,1.185018340648812,73.0805435533135,91.97616638304441
epoch,train_loss,eval_loss,eval_top1,eval_top5
35,4.169700264930725,1.174037739948326,73.3265385276706,92.05816429478296
epoch,train_loss,eval_loss,eval_top1,eval_top5
35,4.169700264930725,1.174037739948326,73.3265385276706,92.05816429478296
epoch,train_loss,eval_loss,eval_top1,eval_top5
36,4.224863946437836,1.1622691862569,73.65253112357186,92.21816168840198
epoch,train_loss,eval_loss,eval_top1,eval_top5
36,4.224863946437836,1.1622691862569,73.65253112357186,92.21816168840198
epoch,train_loss,eval_loss,eval_top1,eval_top5
37,4.138984441757202,1.152940544704731,73.73453035913647,92.32815925834804
epoch,train_loss,eval_loss,eval_top1,eval_top5
37,4.138984441757202,1.152940544704731,73.73453035913647,92.32815925834804
epoch,train_loss,eval_loss,eval_top1,eval_top5
38,4.145444631576538,1.1433490861432771,73.86252810740905,92.39615791912678
epoch,train_loss,eval_loss,eval_top1,eval_top5
38,4.145444631576538,1.1433490861432771,73.86252810740905,92.39615791912678
epoch,train_loss,eval_loss,eval_top1,eval_top5
39,4.173260927200317,1.137029759404812,73.98852550552138,92.50815584518388
epoch,train_loss,eval_loss,eval_top1,eval_top5
39,4.173260927200317,1.137029759404812,73.98852550552138,92.50815584518388
epoch,train_loss,eval_loss,eval_top1,eval_top5
40,4.167158484458923,1.129257922654047,74.18052151591246,92.64215377237255
epoch,train_loss,eval_loss,eval_top1,eval_top5
40,4.167158484458923,1.129257922654047,74.18052151591246,92.64215377237255
epoch,train_loss,eval_loss,eval_top1,eval_top5
41,4.15668785572052,1.1231528103812924,74.3505181788454,92.708151620659
epoch,train_loss,eval_loss,eval_top1,eval_top5
41,4.15668785572052,1.1231528103812924,74.3505181788454,92.708151620659
epoch,train_loss,eval_loss,eval_top1,eval_top5
42,4.121728181838989,1.1164304545940331,74.53251490298562,92.77615027594467
epoch,train_loss,eval_loss,eval_top1,eval_top5
42,4.121728181838989,1.1164304545940331,74.53251490298562,92.77615027594467
epoch,train_loss,eval_loss,eval_top1,eval_top5
43,4.057219922542572,1.1093500688579978,74.66851179608489,92.8361498033406
epoch,train_loss,eval_loss,eval_top1,eval_top5
43,4.057219922542572,1.1093500688579978,74.66851179608489,92.8361498033406
epoch,train_loss,eval_loss,eval_top1,eval_top5
44,4.086066365242004,1.1037148104694157,74.84650790046943,92.83814882967478
epoch,train_loss,eval_loss,eval_top1,eval_top5
44,4.086066365242004,1.1037148104694157,74.84650790046943,92.83814882967478
epoch,train_loss,eval_loss,eval_top1,eval_top5
45,4.126530051231384,1.0988103187155007,74.95250626329026,92.92614737671067
epoch,train_loss,eval_loss,eval_top1,eval_top5
45,4.126530051231384,1.0988103187155007,74.95250626329026,92.92614737671067
epoch,train_loss,eval_loss,eval_top1,eval_top5
46,4.114309310913086,1.0936516816538668,75.12650200105739,92.93014687039023
epoch,train_loss,eval_loss,eval_top1,eval_top5
46,4.114309310913086,1.0936516816538668,75.12650200105739,92.93014687039023
epoch,train_loss,eval_loss,eval_top1,eval_top5
47,4.058878421783447,1.0880568814404963,75.17650129236185,92.94014667848123
epoch,train_loss,eval_loss,eval_top1,eval_top5
47,4.058878421783447,1.0880568814404963,75.17650129236185,92.94014667848123
epoch,train_loss,eval_loss,eval_top1,eval_top5
48,4.048565864562988,1.0820876453564678,75.2604996883827,92.99614692184916
epoch,train_loss,eval_loss,eval_top1,eval_top5
48,4.048565864562988,1.0820876453564678,75.2604996883827,92.99614692184916
epoch,train_loss,eval_loss,eval_top1,eval_top5
49,4.073207259178162,1.076000901856963,75.38649781020493,93.03014549969011
epoch,train_loss,eval_loss,eval_top1,eval_top5
49,4.073207259178162,1.076000901856963,75.38649781020493,93.03014549969011
epoch,train_loss,eval_loss,eval_top1,eval_top5
50,4.037922620773315,1.0700078185936281,75.47649575252514,93.11014423174672
epoch,train_loss,eval_loss,eval_top1,eval_top5
50,4.037922620773315,1.0700078185936281,75.47649575252514,93.11014423174672
epoch,train_loss,eval_loss,eval_top1,eval_top5
51,4.042926132678986,1.0644573436656266,75.56249359738757,93.16414217949772
epoch,train_loss,eval_loss,eval_top1,eval_top5
51,4.042926132678986,1.0644573436656266,75.56249359738757,93.16414217949772
epoch,train_loss,eval_loss,eval_top1,eval_top5
52,4.06010890007019,1.0604344651388222,75.62049304836047,93.21414128266507
epoch,train_loss,eval_loss,eval_top1,eval_top5
52,4.06010890007019,1.0604344651388222,75.62049304836047,93.21414128266507
epoch,train_loss,eval_loss,eval_top1,eval_top5
53,4.0065091252326965,1.0580914651238225,75.73249005112672,93.26014020643659
epoch,train_loss,eval_loss,eval_top1,eval_top5
53,4.0065091252326965,1.0580914651238225,75.73249005112672,93.26014020643659
epoch,train_loss,eval_loss,eval_top1,eval_top5
54,3.993221700191498,1.054032669346613,75.76848998481456,93.32413939093044
epoch,train_loss,eval_loss,eval_top1,eval_top5
54,3.993221700191498,1.054032669346613,75.76848998481456,93.32413939093044
epoch,train_loss,eval_loss,eval_top1,eval_top5
55,4.057161331176758,1.0495669774104517,75.79048957900237,93.43013747268999
epoch,train_loss,eval_loss,eval_top1,eval_top5
55,4.057161331176758,1.0495669774104517,75.79048957900237,93.43013747268999
epoch,train_loss,eval_loss,eval_top1,eval_top5
56,4.017277836799622,1.0447748369251364,75.94048664635228,93.43213738386365
epoch,train_loss,eval_loss,eval_top1,eval_top5
56,4.017277836799622,1.0447748369251364,75.94048664635228,93.43213738386365
epoch,train_loss,eval_loss,eval_top1,eval_top5
57,3.9956955909729004,1.0397648199379763,75.92848688863626,93.47013597127349
epoch,train_loss,eval_loss,eval_top1,eval_top5
57,3.9956955909729004,1.0397648199379763,75.92848688863626,93.47013597127349
epoch,train_loss,eval_loss,eval_top1,eval_top5
58,3.9914228916168213,1.0374897873136286,75.97048548378397,93.45413729710636
epoch,train_loss,eval_loss,eval_top1,eval_top5
58,3.9914228916168213,1.0374897873136286,75.97048548378397,93.45413729710636
epoch,train_loss,eval_loss,eval_top1,eval_top5
59,3.995256721973419,1.034620215798809,76.07248354041099,93.4521368585995
epoch,train_loss,eval_loss,eval_top1,eval_top5
59,3.995256721973419,1.034620215798809,76.07248354041099,93.4521368585995
epoch,train_loss,eval_loss,eval_top1,eval_top5
60,3.994777023792267,1.031438697397927,76.15448192592545,93.48613632082217
epoch,train_loss,eval_loss,eval_top1,eval_top5
60,3.994777023792267,1.031438697397927,76.15448192592545,93.48613632082217
epoch,train_loss,eval_loss,eval_top1,eval_top5
61,3.999781370162964,1.0283445991236426,76.27647909474672,93.53613533060759
epoch,train_loss,eval_loss,eval_top1,eval_top5
61,3.999781370162964,1.0283445991236426,76.27647909474672,93.53613533060759
epoch,train_loss,eval_loss,eval_top1,eval_top5
62,3.9986701011657715,1.024588932049484,76.34447832726084,93.62613406392761
epoch,train_loss,eval_loss,eval_top1,eval_top5
62,3.9986701011657715,1.024588932049484,76.34447832726084,93.62613406392761
epoch,train_loss,eval_loss,eval_top1,eval_top5
63,4.030300796031952,1.0221023216254426,76.4104767701704,93.66013271821356
epoch,train_loss,eval_loss,eval_top1,eval_top5
63,4.030300796031952,1.0221023216254426,76.4104767701704,93.66013271821356
epoch,train_loss,eval_loss,eval_top1,eval_top5
64,3.9741493463516235,1.019817797003435,76.4704754676574,93.70813226222047
epoch,train_loss,eval_loss,eval_top1,eval_top5
64,3.9741493463516235,1.019817797003435,76.4704754676574,93.70813226222047
epoch,train_loss,eval_loss,eval_top1,eval_top5
65,4.01626580953598,1.0150756066909912,76.58847353784125,93.70813158749031
epoch,train_loss,eval_loss,eval_top1,eval_top5
65,4.01626580953598,1.0150756066909912,76.58847353784125,93.70813158749031
epoch,train_loss,eval_loss,eval_top1,eval_top5
66,4.005016326904297,1.0120392514024719,76.65247224489714,93.7441316246307
epoch,train_loss,eval_loss,eval_top1,eval_top5
66,4.005016326904297,1.0120392514024719,76.65247224489714,93.7441316246307
epoch,train_loss,eval_loss,eval_top1,eval_top5
67,4.001435279846191,1.0094334343781874,76.6484720444446,93.71213175590003
epoch,train_loss,eval_loss,eval_top1,eval_top5
67,4.001435279846191,1.0094334343781874,76.6484720444446,93.71213175590003
epoch,train_loss,eval_loss,eval_top1,eval_top5
68,3.986207664012909,1.007300518052139,76.64847178077801,93.77412997455383
epoch,train_loss,eval_loss,eval_top1,eval_top5
68,3.986207664012909,1.007300518052139,76.64847178077801,93.77412997455383
epoch,train_loss,eval_loss,eval_top1,eval_top5
69,4.001573920249939,1.0041724067862392,76.7044706064802,93.79213107479794
epoch,train_loss,eval_loss,eval_top1,eval_top5
69,4.001573920249939,1.0041724067862392,76.7044706064802,93.79213107479794
epoch,train_loss,eval_loss,eval_top1,eval_top5
70,3.971068859100342,1.0025686986260274,76.81446914915462,93.73413206876243
epoch,train_loss,eval_loss,eval_top1,eval_top5
70,3.971068859100342,1.0025686986260274,76.81446914915462,93.73413206876243
epoch,train_loss,eval_loss,eval_top1,eval_top5
71,3.959228277206421,1.0009136926636468,76.88446803466884,93.79812992943022
epoch,train_loss,eval_loss,eval_top1,eval_top5
71,3.959228277206421,1.0009136926636468,76.88446803466884,93.79812992943022
epoch,train_loss,eval_loss,eval_top1,eval_top5
72,3.9173725247383118,0.9980906729521659,76.96846633685001,93.7981291668112
epoch,train_loss,eval_loss,eval_top1,eval_top5
72,3.9173725247383118,0.9980906729521659,76.96846633685001,93.7981291668112
epoch,train_loss,eval_loss,eval_top1,eval_top5
73,3.9785077571868896,0.9981365509408562,77.01646467101176,93.85812823141731
epoch,train_loss,eval_loss,eval_top1,eval_top5
73,3.9785077571868896,0.9981365509408562,77.01646467101176,93.85812823141731
epoch,train_loss,eval_loss,eval_top1,eval_top5
74,3.933935761451721,0.995872709498935,76.95246618917109,93.90212709661823
epoch,train_loss,eval_loss,eval_top1,eval_top5
74,3.933935761451721,0.995872709498935,76.95246618917109,93.90212709661823
epoch,train_loss,eval_loss,eval_top1,eval_top5
75,3.8677473068237305,0.9946538080957131,76.9464665375882,93.89812795449413
epoch,train_loss,eval_loss,eval_top1,eval_top5
75,3.8677473068237305,0.9946538080957131,76.9464665375882,93.89812795449413
epoch,train_loss,eval_loss,eval_top1,eval_top5
76,3.952035069465637,0.9931526369472611,77.00246507307402,93.95212661084913
epoch,train_loss,eval_loss,eval_top1,eval_top5
76,3.952035069465637,0.9931526369472611,77.00246507307402,93.95212661084913
epoch,train_loss,eval_loss,eval_top1,eval_top5
77,3.926220715045929,0.9894932081827114,76.99846568422025,93.96212721589075
epoch,train_loss,eval_loss,eval_top1,eval_top5
77,3.926220715045929,0.9894932081827114,76.99846568422025,93.96212721589075
epoch,train_loss,eval_loss,eval_top1,eval_top5
78,3.9917421340942383,0.9859666087928242,77.10846342994405,94.01012640239139
epoch,train_loss,eval_loss,eval_top1,eval_top5
78,3.9917421340942383,0.9859666087928242,77.10846342994405,94.01012640239139
epoch,train_loss,eval_loss,eval_top1,eval_top5
79,3.9283478260040283,0.9839137299285264,77.1544618753621,93.95412687357825
epoch,train_loss,eval_loss,eval_top1,eval_top5
79,3.9283478260040283,0.9839137299285264,77.1544618753621,93.95412687357825
epoch,train_loss,eval_loss,eval_top1,eval_top5
80,3.953282654285431,0.9806203875922481,77.12446271933327,94.0121253467875
epoch,train_loss,eval_loss,eval_top1,eval_top5
80,3.953282654285431,0.9806203875922481,77.12446271933327,94.0121253467875
epoch,train_loss,eval_loss,eval_top1,eval_top5
81,3.961967408657074,0.9781517357934091,77.26446007243185,93.99012544498866
epoch,train_loss,eval_loss,eval_top1,eval_top5
81,3.961967408657074,0.9781517357934091,77.26446007243185,93.99012544498866
epoch,train_loss,eval_loss,eval_top1,eval_top5
82,3.9556726217269897,0.9741907603254185,77.27845992808537,94.01812529041777
epoch,train_loss,eval_loss,eval_top1,eval_top5
82,3.9556726217269897,0.9741907603254185,77.27845992808537,94.01812529041777
epoch,train_loss,eval_loss,eval_top1,eval_top5
83,3.886484384536743,0.9718249092049409,77.35045818599619,94.0261253686059
epoch,train_loss,eval_loss,eval_top1,eval_top5
83,3.886484384536743,0.9718249092049409,77.35045818599619,94.0261253686059
epoch,train_loss,eval_loss,eval_top1,eval_top5
84,3.908888339996338,0.9689971434946301,77.41845735762897,94.08012393157898
epoch,train_loss,eval_loss,eval_top1,eval_top5
84,3.908888339996338,0.9689971434946301,77.41845735762897,94.08012393157898
epoch,train_loss,eval_loss,eval_top1,eval_top5
85,3.913650870323181,0.9665124959219565,77.49645503595666,94.06412420274543
epoch,train_loss,eval_loss,eval_top1,eval_top5
85,3.913650870323181,0.9665124959219565,77.49645503595666,94.06412420274543
epoch,train_loss,eval_loss,eval_top1,eval_top5
86,3.9074095487594604,0.9642197097464301,77.56245422592158,94.09412383163469
epoch,train_loss,eval_loss,eval_top1,eval_top5
86,3.9074095487594604,0.9642197097464301,77.56245422592158,94.09412383163469
epoch,train_loss,eval_loss,eval_top1,eval_top5
87,3.8978994488716125,0.9632576196132328,77.63445264816627,94.13812276778756
epoch,train_loss,eval_loss,eval_top1,eval_top5
87,3.8978994488716125,0.9632576196132328,77.63445264816627,94.13812276778756
epoch,train_loss,eval_loss,eval_top1,eval_top5
88,3.931553304195404,0.9612153460055799,77.68845195270167,94.21812227940012
epoch,train_loss,eval_loss,eval_top1,eval_top5
88,3.931553304195404,0.9612153460055799,77.68845195270167,94.21812227940012
epoch,train_loss,eval_loss,eval_top1,eval_top5
89,3.9691571593284607,0.960468554300789,77.6784515907277,94.20012185388616
epoch,train_loss,eval_loss,eval_top1,eval_top5
89,3.9691571593284607,0.960468554300789,77.6784515907277,94.20012185388616
epoch,train_loss,eval_loss,eval_top1,eval_top5
90,3.9283072352409363,0.9594996088359483,77.69445162717228,94.14612249442023
epoch,train_loss,eval_loss,eval_top1,eval_top5
90,3.9283072352409363,0.9594996088359483,77.69445162717228,94.14612249442023
epoch,train_loss,eval_loss,eval_top1,eval_top5
91,3.911422312259674,0.9578768873841274,77.6624521141169,94.15412222746146
epoch,train_loss,eval_loss,eval_top1,eval_top5
91,3.911422312259674,0.9578768873841274,77.6624521141169,94.15412222746146
epoch,train_loss,eval_loss,eval_top1,eval_top5
92,3.8576444387435913,0.9559884485904032,77.68045205669983,94.2281208689486
epoch,train_loss,eval_loss,eval_top1,eval_top5
92,3.8576444387435913,0.9559884485904032,77.68045205669983,94.2281208689486
epoch,train_loss,eval_loss,eval_top1,eval_top5
93,3.8972097635269165,0.9554861344179366,77.7824499164924,94.22012157580946
epoch,train_loss,eval_loss,eval_top1,eval_top5
93,3.8972097635269165,0.9554861344179366,77.7824499164924,94.22012157580946
epoch,train_loss,eval_loss,eval_top1,eval_top5
94,3.9035319089889526,0.9532208281615617,77.85644816797267,94.2061220273092
epoch,train_loss,eval_loss,eval_top1,eval_top5
94,3.9035319089889526,0.9532208281615617,77.85644816797267,94.2061220273092
epoch,train_loss,eval_loss,eval_top1,eval_top5
95,3.8539071083068848,0.9513963724631758,77.86844766751516,94.28412032635202
epoch,train_loss,eval_loss,eval_top1,eval_top5
95,3.8539071083068848,0.9513963724631758,77.86844766751516,94.28412032635202
epoch,train_loss,eval_loss,eval_top1,eval_top5
96,3.8265090584754944,0.9493108282365603,77.8744480331951,94.34811932957508
epoch,train_loss,eval_loss,eval_top1,eval_top5
96,3.8265090584754944,0.9493108282365603,77.8744480331951,94.34811932957508
epoch,train_loss,eval_loss,eval_top1,eval_top5
97,3.8798593878746033,0.9478108875322494,77.93844645323891,94.3981183334097
epoch,train_loss,eval_loss,eval_top1,eval_top5
97,3.8798593878746033,0.9478108875322494,77.93844645323891,94.3981183334097
epoch,train_loss,eval_loss,eval_top1,eval_top5
98,3.8288276195526123,0.9462017009659807,77.9544467098634,94.41611771524335
epoch,train_loss,eval_loss,eval_top1,eval_top5
98,3.8288276195526123,0.9462017009659807,77.9544467098634,94.41611771524335
epoch,train_loss,eval_loss,eval_top1,eval_top5
99,3.9187138080596924,0.9451329723405532,77.95844662605039,94.43411726186864
epoch,train_loss,eval_loss,eval_top1,eval_top5
99,3.9187138080596924,0.9451329723405532,77.95844662605039,94.43411726186864
epoch,train_loss,eval_loss,eval_top1,eval_top5
100,3.8770787715911865,0.943125326946586,77.92444711393247,94.42011753759066
epoch,train_loss,eval_loss,eval_top1,eval_top5
100,3.8770787715911865,0.943125326946586,77.92444711393247,94.42011753759066
epoch,train_loss,eval_loss,eval_top1,eval_top5
101,3.848083257675171,0.9406756884393562,77.9864461675305,94.4881158953359
epoch,train_loss,eval_loss,eval_top1,eval_top5
101,3.848083257675171,0.9406756884393562,77.9864461675305,94.4881158953359
epoch,train_loss,eval_loss,eval_top1,eval_top5
102,3.8327157497406006,0.940101276099478,77.98444613001661,94.4561165484454
epoch,train_loss,eval_loss,eval_top1,eval_top5
102,3.8327157497406006,0.940101276099478,77.98444613001661,94.4561165484454
epoch,train_loss,eval_loss,eval_top1,eval_top5
103,3.835151970386505,0.9381483561735016,78.04844447453092,94.46811601548731
epoch,train_loss,eval_loss,eval_top1,eval_top5
103,3.835151970386505,0.9381483561735016,78.04844447453092,94.46811601548731
epoch,train_loss,eval_loss,eval_top1,eval_top5
104,3.797196626663208,0.936541571902937,78.04644438757953,94.48011636691095
epoch,train_loss,eval_loss,eval_top1,eval_top5
104,3.797196626663208,0.936541571902937,78.04644438757953,94.48011636691095
epoch,train_loss,eval_loss,eval_top1,eval_top5
105,3.8346475958824158,0.9342076537375502,78.12644285551178,94.49011608757083
epoch,train_loss,eval_loss,eval_top1,eval_top5
105,3.8346475958824158,0.9342076537375502,78.12644285551178,94.49011608757083
epoch,train_loss,eval_loss,eval_top1,eval_top5
106,3.848913013935089,0.9322201348941771,78.1384427180536,94.47611655051445
epoch,train_loss,eval_loss,eval_top1,eval_top5
106,3.848913013935089,0.9322201348941771,78.1384427180536,94.47611655051445
epoch,train_loss,eval_loss,eval_top1,eval_top5
107,3.8772167563438416,0.9308632479694157,78.17244183833364,94.48411601393826
epoch,train_loss,eval_loss,eval_top1,eval_top5
107,3.8772167563438416,0.9308632479694157,78.17244183833364,94.48411601393826
epoch,train_loss,eval_loss,eval_top1,eval_top5
108,3.8259015679359436,0.9297854374943751,78.17444228233356,94.43611770083324
epoch,train_loss,eval_loss,eval_top1,eval_top5
108,3.8259015679359436,0.9297854374943751,78.17444228233356,94.43611770083324
epoch,train_loss,eval_loss,eval_top1,eval_top5
109,3.821815848350525,0.9285072989946451,78.26643931232704,94.47011645994498
epoch,train_loss,eval_loss,eval_top1,eval_top5
109,3.821815848350525,0.9285072989946451,78.26643931232704,94.47011645994498
epoch,train_loss,eval_loss,eval_top1,eval_top5
110,3.737999141216278,0.9270984990456441,78.33643915317495,94.51411582409831
epoch,train_loss,eval_loss,eval_top1,eval_top5
110,3.737999141216278,0.9270984990456441,78.33643915317495,94.51411582409831
epoch,train_loss,eval_loss,eval_top1,eval_top5
111,3.840544641017914,0.925146926748965,78.35243831073086,94.55611474425174
epoch,train_loss,eval_loss,eval_top1,eval_top5
111,3.840544641017914,0.925146926748965,78.35243831073086,94.55611474425174
epoch,train_loss,eval_loss,eval_top1,eval_top5
112,3.8376364707946777,0.922831435949406,78.33443844550844,94.5981144663911
epoch,train_loss,eval_loss,eval_top1,eval_top5
112,3.8376364707946777,0.922831435949406,78.33443844550844,94.5981144663911
epoch,train_loss,eval_loss,eval_top1,eval_top5
113,3.825879156589508,0.9207065175102748,78.38043777027292,94.62811313399587
epoch,train_loss,eval_loss,eval_top1,eval_top5
113,3.825879156589508,0.9207065175102748,78.38043777027292,94.62811313399587
epoch,train_loss,eval_loss,eval_top1,eval_top5
114,3.7644211649894714,0.919600172449676,78.42243664098886,94.59811402694676
epoch,train_loss,eval_loss,eval_top1,eval_top5
114,3.7644211649894714,0.919600172449676,78.42243664098886,94.59811402694676
epoch,train_loss,eval_loss,eval_top1,eval_top5
115,3.775641679763794,0.9185429572658547,78.4644365334129,94.5761142954326
epoch,train_loss,eval_loss,eval_top1,eval_top5
115,3.775641679763794,0.9185429572658547,78.4644365334129,94.5761142954326
epoch,train_loss,eval_loss,eval_top1,eval_top5
116,3.85094678401947,0.918157418101638,78.49443529439958,94.58611464779372
epoch,train_loss,eval_loss,eval_top1,eval_top5
116,3.85094678401947,0.918157418101638,78.49443529439958,94.58611464779372
epoch,train_loss,eval_loss,eval_top1,eval_top5
117,3.7707595229148865,0.9167194097524299,78.50043514922548,94.5901141240786
epoch,train_loss,eval_loss,eval_top1,eval_top5
117,3.7707595229148865,0.9167194097524299,78.50043514922548,94.5901141240786
epoch,train_loss,eval_loss,eval_top1,eval_top5
118,3.8105254769325256,0.9159583214585708,78.5684342499063,94.58211412233547
epoch,train_loss,eval_loss,eval_top1,eval_top5
118,3.8105254769325256,0.9159583214585708,78.5684342499063,94.58211412233547
epoch,train_loss,eval_loss,eval_top1,eval_top5
119,3.7501102089881897,0.9152606010379792,78.6184332207826,94.58811455896736
epoch,train_loss,eval_loss,eval_top1,eval_top5
119,3.7501102089881897,0.9152606010379792,78.6184332207826,94.58811455896736
epoch,train_loss,eval_loss,eval_top1,eval_top5
120,3.772069275379181,0.9138879234134067,78.63243310939446,94.59411402882172
epoch,train_loss,eval_loss,eval_top1,eval_top5
120,3.772069275379181,0.9138879234134067,78.63243310939446,94.59411402882172
epoch,train_loss,eval_loss,eval_top1,eval_top5
121,3.7620624899864197,0.9127549480260395,78.61843267697024,94.68211300935114
epoch,train_loss,eval_loss,eval_top1,eval_top5
121,3.7620624899864197,0.9127549480260395,78.61843267697024,94.68211300935114
epoch,train_loss,eval_loss,eval_top1,eval_top5
122,3.749297559261322,0.9114768095263095,78.70443137325609,94.71411220335163
epoch,train_loss,eval_loss,eval_top1,eval_top5
122,3.749297559261322,0.9114768095263095,78.70443137325609,94.71411220335163
epoch,train_loss,eval_loss,eval_top1,eval_top5
123,3.7387019991874695,0.90931037824556,78.71443106645069,94.70811177816361
epoch,train_loss,eval_loss,eval_top1,eval_top5
123,3.7387019991874695,0.90931037824556,78.71443106645069,94.70811177816361
epoch,train_loss,eval_loss,eval_top1,eval_top5
124,3.7316266298294067,0.9083857287697996,78.68843145674317,94.72211141455271
epoch,train_loss,eval_loss,eval_top1,eval_top5
124,3.7316266298294067,0.9083857287697996,78.68843145674317,94.72211141455271
epoch,train_loss,eval_loss,eval_top1,eval_top5
125,3.739292860031128,0.9069052993940121,78.70443125286664,94.79210965280205
epoch,train_loss,eval_loss,eval_top1,eval_top5
125,3.739292860031128,0.9069052993940121,78.70443125286664,94.79210965280205
epoch,train_loss,eval_loss,eval_top1,eval_top5
126,3.758614957332611,0.9062709468466881,78.78242932074342,94.8321090014357
epoch,train_loss,eval_loss,eval_top1,eval_top5
126,3.758614957332611,0.9062709468466881,78.78242932074342,94.8321090014357
epoch,train_loss,eval_loss,eval_top1,eval_top5
127,3.7285277247428894,0.9044502410733035,78.88642747027262,94.78811077434457
epoch,train_loss,eval_loss,eval_top1,eval_top5
127,3.7285277247428894,0.9044502410733035,78.88642747027262,94.78811077434457
epoch,train_loss,eval_loss,eval_top1,eval_top5
128,3.730682075023651,0.9038427825193496,78.9404272961904,94.77811069068535
epoch,train_loss,eval_loss,eval_top1,eval_top5
128,3.730682075023651,0.9038427825193496,78.9404272961904,94.77811069068535
epoch,train_loss,eval_loss,eval_top1,eval_top5
129,3.7048317193984985,0.9028424021363323,78.9864257864684,94.79210971734545
epoch,train_loss,eval_loss,eval_top1,eval_top5
129,3.7048317193984985,0.9028424021363323,78.9864257864684,94.79210971734545
epoch,train_loss,eval_loss,eval_top1,eval_top5
130,3.7441394925117493,0.9013100597363053,78.97642570326694,94.79210988167932
epoch,train_loss,eval_loss,eval_top1,eval_top5
130,3.7441394925117493,0.9013100597363053,78.97642570326694,94.79210988167932
epoch,train_loss,eval_loss,eval_top1,eval_top5
131,3.724557042121887,0.8996215388192236,79.020425545316,94.85210890417201
epoch,train_loss,eval_loss,eval_top1,eval_top5
131,3.724557042121887,0.8996215388192236,79.020425545316,94.85210890417201
epoch,train_loss,eval_loss,eval_top1,eval_top5
132,3.7771012783050537,0.8977571229825404,79.01042537971873,94.86210864131107
epoch,train_loss,eval_loss,eval_top1,eval_top5
132,3.7771012783050537,0.8977571229825404,79.01042537971873,94.86210864131107
epoch,train_loss,eval_loss,eval_top1,eval_top5
133,3.7098013758659363,0.8970241298299034,79.07042429143482,94.79810989626155
epoch,train_loss,eval_loss,eval_top1,eval_top5
133,3.7098013758659363,0.8970241298299034,79.07042429143482,94.79810989626155
epoch,train_loss,eval_loss,eval_top1,eval_top5
134,3.7032445669174194,0.8968629709437062,79.08642356571814,94.83410970360914
epoch,train_loss,eval_loss,eval_top1,eval_top5
134,3.7032445669174194,0.8968629709437062,79.08642356571814,94.83410970360914
epoch,train_loss,eval_loss,eval_top1,eval_top5
135,3.7157573103904724,0.895752524402637,79.10242323321258,94.84210863374895
epoch,train_loss,eval_loss,eval_top1,eval_top5
135,3.7157573103904724,0.895752524402637,79.10242323321258,94.84210863374895
epoch,train_loss,eval_loss,eval_top1,eval_top5
136,3.7407575249671936,0.896022519002745,79.0864234654699,94.83410951089449
epoch,train_loss,eval_loss,eval_top1,eval_top5
136,3.7407575249671936,0.896022519002745,79.0864234654699,94.83410951089449
epoch,train_loss,eval_loss,eval_top1,eval_top5
137,3.7503207325935364,0.8956056035129297,79.05242444269156,94.90010807373574
epoch,train_loss,eval_loss,eval_top1,eval_top5
137,3.7503207325935364,0.8956056035129297,79.05242444269156,94.90010807373574
epoch,train_loss,eval_loss,eval_top1,eval_top5
138,3.731904089450836,0.8940901064791205,79.08242314874772,94.8841088722354
epoch,train_loss,eval_loss,eval_top1,eval_top5
138,3.731904089450836,0.8940901064791205,79.08242314874772,94.8841088722354
epoch,train_loss,eval_loss,eval_top1,eval_top5
139,3.660908579826355,0.892612489547084,79.14642247102567,94.86610909627511
epoch,train_loss,eval_loss,eval_top1,eval_top5
139,3.660908579826355,0.892612489547084,79.14642247102567,94.86610909627511
epoch,train_loss,eval_loss,eval_top1,eval_top5
140,3.713263154029846,0.8900270041474171,79.21842148789348,94.92210719597864
epoch,train_loss,eval_loss,eval_top1,eval_top5
140,3.713263154029846,0.8900270041474171,79.21842148789348,94.92210719597864
epoch,train_loss,eval_loss,eval_top1,eval_top5
141,3.71138334274292,0.8880502956347123,79.21242154014341,94.90610746714509
epoch,train_loss,eval_loss,eval_top1,eval_top5
141,3.71138334274292,0.8880502956347123,79.21242154014341,94.90610746714509
epoch,train_loss,eval_loss,eval_top1,eval_top5
142,3.6493446826934814,0.8858630932850093,79.29641974711166,94.90210772673585
epoch,train_loss,eval_loss,eval_top1,eval_top5
142,3.6493446826934814,0.8858630932850093,79.29641974711166,94.90210772673585
epoch,train_loss,eval_loss,eval_top1,eval_top5
143,3.608674108982086,0.884619993147012,79.27641944887543,94.90010816711766
epoch,train_loss,eval_loss,eval_top1,eval_top5
143,3.608674108982086,0.884619993147012,79.27641944887543,94.90010816711766
epoch,train_loss,eval_loss,eval_top1,eval_top5
144,3.7013749480247498,0.8836255013180986,79.33441848924252,94.89410835165864
epoch,train_loss,eval_loss,eval_top1,eval_top5
144,3.7013749480247498,0.8836255013180986,79.33441848924252,94.89410835165864
epoch,train_loss,eval_loss,eval_top1,eval_top5
145,3.6199883222579956,0.883478433946946,79.27642006043546,94.92210816824924
epoch,train_loss,eval_loss,eval_top1,eval_top5
145,3.6199883222579956,0.883478433946946,79.27642006043546,94.92210816824924
epoch,train_loss,eval_loss,eval_top1,eval_top5
146,3.6689471006393433,0.8823006938298734,79.36041777440208,94.98410649218657
epoch,train_loss,eval_loss,eval_top1,eval_top5
146,3.6689471006393433,0.8823006938298734,79.36041777440208,94.98410649218657
epoch,train_loss,eval_loss,eval_top1,eval_top5
147,3.756791412830353,0.8824598898647027,79.35441781520815,95.0041065478129
epoch,train_loss,eval_loss,eval_top1,eval_top5
147,3.756791412830353,0.8824598898647027,79.35441781520815,95.0041065478129
epoch,train_loss,eval_loss,eval_top1,eval_top5
148,3.7112220525741577,0.8825087853711676,79.36241833879143,95.03810521903576
epoch,train_loss,eval_loss,eval_top1,eval_top5
148,3.7112220525741577,0.8825087853711676,79.36241833879143,95.03810521903576
epoch,train_loss,eval_loss,eval_top1,eval_top5
149,3.630771815776825,0.8809305942787394,79.53041510748764,95.06810406241826
epoch,train_loss,eval_loss,eval_top1,eval_top5
149,3.630771815776825,0.8809305942787394,79.53041510748764,95.06810406241826
epoch,train_loss,eval_loss,eval_top1,eval_top5
150,3.6253809332847595,0.878046110952781,79.57241370309312,95.10810315928691
epoch,train_loss,eval_loss,eval_top1,eval_top5
150,3.6253809332847595,0.878046110952781,79.57241370309312,95.10810315928691
epoch,train_loss,eval_loss,eval_top1,eval_top5
151,3.6620683670043945,0.8777761163526729,79.64641250433658,95.10010421770325
epoch,train_loss,eval_loss,eval_top1,eval_top5
151,3.6620683670043945,0.8777761163526729,79.64641250433658,95.10010421770325
epoch,train_loss,eval_loss,eval_top1,eval_top5
152,3.732745945453644,0.8772902081020879,79.69841146328929,95.06610458519589
epoch,train_loss,eval_loss,eval_top1,eval_top5
152,3.732745945453644,0.8772902081020879,79.69841146328929,95.06610458519589
epoch,train_loss,eval_loss,eval_top1,eval_top5
153,3.655584752559662,0.8766279654875653,79.63641254152456,95.06210450467505
epoch,train_loss,eval_loss,eval_top1,eval_top5
153,3.655584752559662,0.8766279654875653,79.63641254152456,95.06210450467505
epoch,train_loss,eval_loss,eval_top1,eval_top5
154,3.6221777200698853,0.8764092393933371,79.57441345496821,95.08410413136342
epoch,train_loss,eval_loss,eval_top1,eval_top5
154,3.6221777200698853,0.8764092393933371,79.57441345496821,95.08410413136342
epoch,train_loss,eval_loss,eval_top1,eval_top5
155,3.5878979563713074,0.8747946623098788,79.59041379353077,95.0901035897739
epoch,train_loss,eval_loss,eval_top1,eval_top5
155,3.5878979563713074,0.8747946623098788,79.59041379353077,95.0901035897739
epoch,train_loss,eval_loss,eval_top1,eval_top5
156,3.5961950421333313,0.8716739337088258,79.6704117666304,95.12410314583626
epoch,train_loss,eval_loss,eval_top1,eval_top5
156,3.5961950421333313,0.8716739337088258,79.6704117666304,95.12410314583626
epoch,train_loss,eval_loss,eval_top1,eval_top5
157,3.6886611580848694,0.870391898802649,79.63641218356052,95.17210233233689
epoch,train_loss,eval_loss,eval_top1,eval_top5
157,3.6886611580848694,0.870391898802649,79.63641218356052,95.17210233233689
epoch,train_loss,eval_loss,eval_top1,eval_top5
158,3.5658881068229675,0.8695070629837404,79.68241148635279,95.1681025099896
epoch,train_loss,eval_loss,eval_top1,eval_top5
158,3.5658881068229675,0.8695070629837404,79.68241148635279,95.1681025099896
epoch,train_loss,eval_loss,eval_top1,eval_top5
159,3.6093021035194397,0.8698012856149127,79.71841099707547,95.15810269045474
epoch,train_loss,eval_loss,eval_top1,eval_top5
159,3.6093021035194397,0.8698012856149127,79.71841099707547,95.15810269045474
epoch,train_loss,eval_loss,eval_top1,eval_top5
160,3.661713421344757,0.86911182674784,79.75440996398578,95.18610171055246
epoch,train_loss,eval_loss,eval_top1,eval_top5
160,3.661713421344757,0.86911182674784,79.75440996398578,95.18610171055246
epoch,train_loss,eval_loss,eval_top1,eval_top5
161,3.644250452518463,0.868599083096463,79.76641015702636,95.1361033159891
epoch,train_loss,eval_loss,eval_top1,eval_top5
161,3.644250452518463,0.868599083096463,79.76641015702636,95.1361033159891
epoch,train_loss,eval_loss,eval_top1,eval_top5
162,3.603262960910797,0.8666349426917712,79.79640947281152,95.18610153477472
epoch,train_loss,eval_loss,eval_top1,eval_top5
162,3.603262960910797,0.8666349426917712,79.79640947281152,95.18610153477472
epoch,train_loss,eval_loss,eval_top1,eval_top5
163,3.5294432044029236,0.8660218299540259,79.8684082585133,95.20610152539992
epoch,train_loss,eval_loss,eval_top1,eval_top5
163,3.5294432044029236,0.8660218299540259,79.8684082585133,95.20610152539992
epoch,train_loss,eval_loss,eval_top1,eval_top5
164,3.606967866420746,0.8640743298415282,79.84640779138763,95.22010090361547
epoch,train_loss,eval_loss,eval_top1,eval_top5
164,3.606967866420746,0.8640743298415282,79.84640779138763,95.22010090361547
epoch,train_loss,eval_loss,eval_top1,eval_top5
165,3.615335464477539,0.8640152685227546,79.82440858674892,95.21010118341334
epoch,train_loss,eval_loss,eval_top1,eval_top5
165,3.615335464477539,0.8640152685227546,79.82440858674892,95.21010118341334
epoch,train_loss,eval_loss,eval_top1,eval_top5
166,3.6115793585777283,0.8626525223401782,79.85840850352183,95.19810152914984
epoch,train_loss,eval_loss,eval_top1,eval_top5
166,3.6115793585777283,0.8626525223401782,79.85840850352183,95.19810152914984
epoch,train_loss,eval_loss,eval_top1,eval_top5
167,3.627946376800537,0.8605732475194247,79.89040748283546,95.26810000817805
epoch,train_loss,eval_loss,eval_top1,eval_top5
167,3.627946376800537,0.8605732475194247,79.89040748283546,95.26810000817805
epoch,train_loss,eval_loss,eval_top1,eval_top5
168,3.5383296608924866,0.8604880246145077,79.95440598756385,95.2621004559279
epoch,train_loss,eval_loss,eval_top1,eval_top5
168,3.5383296608924866,0.8604880246145077,79.95440598756385,95.2621004559279
epoch,train_loss,eval_loss,eval_top1,eval_top5
169,3.6384222507476807,0.8595071555600138,80.02640504654507,95.31609980394997
epoch,train_loss,eval_loss,eval_top1,eval_top5
169,3.6384222507476807,0.8595071555600138,80.02640504654507,95.31609980394997
epoch,train_loss,eval_loss,eval_top1,eval_top5
170,3.6282800436019897,0.8584646178170187,80.05640369309313,95.31009980126936
epoch,train_loss,eval_loss,eval_top1,eval_top5
170,3.6282800436019897,0.8584646178170187,80.05640369309313,95.31009980126936
epoch,train_loss,eval_loss,eval_top1,eval_top5
171,3.5098267793655396,0.8575306228250436,80.0724034539695,95.30209998079701
epoch,train_loss,eval_loss,eval_top1,eval_top5
171,3.5098267793655396,0.8575306228250436,80.0724034539695,95.30209998079701
epoch,train_loss,eval_loss,eval_top1,eval_top5
172,3.5768622159957886,0.8557884018100888,80.13440256753337,95.28609956029639
epoch,train_loss,eval_loss,eval_top1,eval_top5
172,3.5768622159957886,0.8557884018100888,80.13440256753337,95.28609956029639
epoch,train_loss,eval_loss,eval_top1,eval_top5
173,3.5498937368392944,0.8532885494633857,80.18840240077523,95.30209920124108
epoch,train_loss,eval_loss,eval_top1,eval_top5
173,3.5498937368392944,0.8532885494633857,80.18840240077523,95.30209920124108
epoch,train_loss,eval_loss,eval_top1,eval_top5
174,3.555651903152466,0.8517607479881653,80.10840317434374,95.31609989183883
epoch,train_loss,eval_loss,eval_top1,eval_top5
174,3.555651903152466,0.8517607479881653,80.10840317434374,95.31609989183883
epoch,train_loss,eval_loss,eval_top1,eval_top5
175,3.5827754139900208,0.8513023196567319,80.21040097325495,95.32609937126209
epoch,train_loss,eval_loss,eval_top1,eval_top5
175,3.5827754139900208,0.8513023196567319,80.21040097325495,95.32609937126209
epoch,train_loss,eval_loss,eval_top1,eval_top5
176,3.516567289829254,0.8506785723660527,80.31239921710355,95.27010027090718
epoch,train_loss,eval_loss,eval_top1,eval_top5
176,3.516567289829254,0.8506785723660527,80.31239921710355,95.27010027090718
epoch,train_loss,eval_loss,eval_top1,eval_top5
177,3.591920852661133,0.8492359937957491,80.36839801946026,95.31409989872712
epoch,train_loss,eval_loss,eval_top1,eval_top5
177,3.591920852661133,0.8492359937957491,80.36839801946026,95.31409989872712
epoch,train_loss,eval_loss,eval_top1,eval_top5
178,3.540049731731415,0.8478087957772095,80.38439767139106,95.35009918423458
epoch,train_loss,eval_loss,eval_top1,eval_top5
178,3.540049731731415,0.8478087957772095,80.38439767139106,95.35009918423458
epoch,train_loss,eval_loss,eval_top1,eval_top5
179,3.4940521121025085,0.8469997201618468,80.44439624299555,95.39009705065908
epoch,train_loss,eval_loss,eval_top1,eval_top5
179,3.4940521121025085,0.8469997201618468,80.44439624299555,95.39009705065908
epoch,train_loss,eval_loss,eval_top1,eval_top5
180,3.4659247398376465,0.8462037985802784,80.46639601845415,95.39009880843643
epoch,train_loss,eval_loss,eval_top1,eval_top5
180,3.4659247398376465,0.8462037985802784,80.46639601845415,95.39009880843643
epoch,train_loss,eval_loss,eval_top1,eval_top5
181,3.4653892517089844,0.8458102615291444,80.42439717520347,95.4340975573677
epoch,train_loss,eval_loss,eval_top1,eval_top5
181,3.4653892517089844,0.8458102615291444,80.42439717520347,95.4340975573677
epoch,train_loss,eval_loss,eval_top1,eval_top5
182,3.4755123257637024,0.8458410226326724,80.44239624393303,95.39609897590867
epoch,train_loss,eval_loss,eval_top1,eval_top5
182,3.4755123257637024,0.8458410226326724,80.44239624393303,95.39609897590867
epoch,train_loss,eval_loss,eval_top1,eval_top5
183,3.5320501923561096,0.8454373197692296,80.46639628212074,95.47009639244472
epoch,train_loss,eval_loss,eval_top1,eval_top5
183,3.5320501923561096,0.8454373197692296,80.46639628212074,95.47009639244472
epoch,train_loss,eval_loss,eval_top1,eval_top5
184,3.505501091480255,0.8438071863562728,80.45839631837124,95.50809568250774
epoch,train_loss,eval_loss,eval_top1,eval_top5
184,3.505501091480255,0.8438071863562728,80.45839631837124,95.50809568250774
epoch,train_loss,eval_loss,eval_top1,eval_top5
185,3.530280828475952,0.8421348662870493,80.51439514407343,95.48409674293086
epoch,train_loss,eval_loss,eval_top1,eval_top5
185,3.530280828475952,0.8421348662870493,80.51439514407343,95.48409674293086
epoch,train_loss,eval_loss,eval_top1,eval_top5
186,3.506209135055542,0.8400932371977561,80.65839186313808,95.51609619510491
epoch,train_loss,eval_loss,eval_top1,eval_top5
186,3.506209135055542,0.8400932371977561,80.65839186313808,95.51609619510491
epoch,train_loss,eval_loss,eval_top1,eval_top5
187,3.5065649151802063,0.8399320783115588,80.65439249167898,95.57609511780711
epoch,train_loss,eval_loss,eval_top1,eval_top5
187,3.5065649151802063,0.8399320783115588,80.65439249167898,95.57609511780711
epoch,train_loss,eval_loss,eval_top1,eval_top5
188,3.559146761894226,0.8384466978629177,80.6903916778537,95.51809593599388
epoch,train_loss,eval_loss,eval_top1,eval_top5
188,3.559146761894226,0.8384466978629177,80.6903916778537,95.51809593599388
epoch,train_loss,eval_loss,eval_top1,eval_top5
189,3.5323305130004883,0.8375249194234865,80.6823919072766,95.47009656822244
epoch,train_loss,eval_loss,eval_top1,eval_top5
189,3.5323305130004883,0.8375249194234865,80.6823919072766,95.47009656822244
epoch,train_loss,eval_loss,eval_top1,eval_top5
190,3.4702758193016052,0.8380339717424401,80.75639031347791,95.510096467077
epoch,train_loss,eval_loss,eval_top1,eval_top5
190,3.4702758193016052,0.8380339717424401,80.75639031347791,95.510096467077
epoch,train_loss,eval_loss,eval_top1,eval_top5
191,3.4466437697410583,0.8379024314044969,80.67039217656809,95.50009594443121
epoch,train_loss,eval_loss,eval_top1,eval_top5
191,3.4466437697410583,0.8379024314044969,80.67039217656809,95.50009594443121
epoch,train_loss,eval_loss,eval_top1,eval_top5
192,3.503949284553528,0.8369115430191396,80.76639001674312,95.53809521801507
epoch,train_loss,eval_loss,eval_top1,eval_top5
192,3.503949284553528,0.8369115430191396,80.76639001674312,95.53809521801507
epoch,train_loss,eval_loss,eval_top1,eval_top5
193,3.432040512561798,0.8353324144454611,80.80638920104289,95.51609505804268
epoch,train_loss,eval_loss,eval_top1,eval_top5
193,3.432040512561798,0.8353324144454611,80.80638920104289,95.51609505804268
epoch,train_loss,eval_loss,eval_top1,eval_top5
194,3.4317479729652405,0.8351154461285775,80.8063894605897,95.57209510869598
epoch,train_loss,eval_loss,eval_top1,eval_top5
194,3.4317479729652405,0.8351154461285775,80.8063894605897,95.57209510869598
epoch,train_loss,eval_loss,eval_top1,eval_top5
195,3.4448768496513367,0.8337923378251185,80.83238869036096,95.59409442365352
epoch,train_loss,eval_loss,eval_top1,eval_top5
195,3.4448768496513367,0.8337923378251185,80.83238869036096,95.59409442365352
epoch,train_loss,eval_loss,eval_top1,eval_top5
196,3.4320837259292603,0.8320187404845653,80.89638766062569,95.58609448691153
epoch,train_loss,eval_loss,eval_top1,eval_top5
196,3.4320837259292603,0.8320187404845653,80.89638766062569,95.58609448691153
epoch,train_loss,eval_loss,eval_top1,eval_top5
197,3.526959776878357,0.8300768359632807,80.91638784259227,95.60409412691872
epoch,train_loss,eval_loss,eval_top1,eval_top5
197,3.526959776878357,0.8300768359632807,80.91638784259227,95.60409412691872
epoch,train_loss,eval_loss,eval_top1,eval_top5
198,3.405505418777466,0.8276040240913932,80.98238627909326,95.64409349844009
epoch,train_loss,eval_loss,eval_top1,eval_top5
198,3.405505418777466,0.8276040240913932,80.98238627909326,95.64409349844009
epoch,train_loss,eval_loss,eval_top1,eval_top5
199,3.4356695413589478,0.8268213151361973,80.99238546646913,95.66409234651
epoch,train_loss,eval_loss,eval_top1,eval_top5
199,3.4356695413589478,0.8268213151361973,80.99238546646913,95.66409234651
epoch,train_loss,eval_loss,eval_top1,eval_top5
200,3.4054791927337646,0.8256485553882672,80.894387441841,95.70809197432995
epoch,train_loss,eval_loss,eval_top1,eval_top5
200,3.4054791927337646,0.8256485553882672,80.894387441841,95.70809197432995
epoch,train_loss,eval_loss,eval_top1,eval_top5
201,3.4676504731178284,0.8245439095124347,80.94438670430694,95.73609082414299
epoch,train_loss,eval_loss,eval_top1,eval_top5
201,3.4676504731178284,0.8245439095124347,80.94438670430694,95.73609082414299
epoch,train_loss,eval_loss,eval_top1,eval_top5
202,3.3508700132369995,0.822789823500405,80.9863860748908,95.76009134022642
epoch,train_loss,eval_loss,eval_top1,eval_top5
202,3.3508700132369995,0.822789823500405,80.9863860748908,95.76009134022642
epoch,train_loss,eval_loss,eval_top1,eval_top5
203,3.3988977670669556,0.8215934802397702,81.0383848145791,95.76609081008077
epoch,train_loss,eval_loss,eval_top1,eval_top5
203,3.3988977670669556,0.8215934802397702,81.0383848145791,95.76609081008077
epoch,train_loss,eval_loss,eval_top1,eval_top5
204,3.4189919233322144,0.821288681648242,81.10438329548228,95.78608983392841
epoch,train_loss,eval_loss,eval_top1,eval_top5
204,3.4189919233322144,0.821288681648242,81.10438329548228,95.78608983392841
epoch,train_loss,eval_loss,eval_top1,eval_top5
205,3.3649181127548218,0.8203582022109558,81.08438322246128,95.81808954976907
epoch,train_loss,eval_loss,eval_top1,eval_top5
205,3.3649181127548218,0.8203582022109558,81.08438322246128,95.81808954976907
epoch,train_loss,eval_loss,eval_top1,eval_top5
206,3.3508248925209045,0.8198606047410302,81.07838453216287,95.79409061568525
epoch,train_loss,eval_loss,eval_top1,eval_top5
206,3.3508248925209045,0.8198606047410302,81.07838453216287,95.79409061568525
epoch,train_loss,eval_loss,eval_top1,eval_top5
207,3.4128146171569824,0.8182858120181347,81.16638273908715,95.81608991324812
epoch,train_loss,eval_loss,eval_top1,eval_top5
207,3.4128146171569824,0.8182858120181347,81.16638273908715,95.81608991324812
epoch,train_loss,eval_loss,eval_top1,eval_top5
208,3.4098681807518005,0.8182639862827743,81.1943815779141,95.81008999845638
epoch,train_loss,eval_loss,eval_top1,eval_top5
208,3.4098681807518005,0.8182639862827743,81.1943815779141,95.81008999845638
epoch,train_loss,eval_loss,eval_top1,eval_top5
209,3.3482698798179626,0.8177237627122458,81.25038052995654,95.8120898102973
epoch,train_loss,eval_loss,eval_top1,eval_top5
209,3.3482698798179626,0.8177237627122458,81.25038052995654,95.8120898102973
epoch,train_loss,eval_loss,eval_top1,eval_top5
210,3.383350193500519,0.8168789456242125,81.23638077272024,95.82008973559543
epoch,train_loss,eval_loss,eval_top1,eval_top5
210,3.383350193500519,0.8168789456242125,81.23638077272024,95.82008973559543
epoch,train_loss,eval_loss,eval_top1,eval_top5
211,3.3487905859947205,0.8150229378224936,81.30237964317251,95.84408858179037
epoch,train_loss,eval_loss,eval_top1,eval_top5
211,3.3487905859947205,0.8150229378224936,81.30237964317251,95.84408858179037
epoch,train_loss,eval_loss,eval_top1,eval_top5
212,3.3864745497703552,0.8146993017170907,81.33437906284598,95.84808901935975
epoch,train_loss,eval_loss,eval_top1,eval_top5
212,3.3864745497703552,0.8146993017170907,81.33437906284598,95.84808901935975
epoch,train_loss,eval_loss,eval_top1,eval_top5
213,3.3681651949882507,0.814698657198731,81.25638015407417,95.87008883326972
epoch,train_loss,eval_loss,eval_top1,eval_top5
213,3.3681651949882507,0.814698657198731,81.25638015407417,95.87008883326972
epoch,train_loss,eval_loss,eval_top1,eval_top5
214,3.314208447933197,0.8146434629901153,81.29237969775517,95.87608830312408
epoch,train_loss,eval_loss,eval_top1,eval_top5
214,3.314208447933197,0.8146434629901153,81.29237969775517,95.87608830312408
epoch,train_loss,eval_loss,eval_top1,eval_top5
215,3.3866827487945557,0.8145800658205586,81.29837903577622,95.89008820867284
epoch,train_loss,eval_loss,eval_top1,eval_top5
215,3.3866827487945557,0.8145800658205586,81.29837903577622,95.89008820867284
epoch,train_loss,eval_loss,eval_top1,eval_top5
216,3.3295528292655945,0.8148338595728085,81.32837861477023,95.89208794406875
epoch,train_loss,eval_loss,eval_top1,eval_top5
216,3.3295528292655945,0.8148338595728085,81.32837861477023,95.89208794406875
epoch,train_loss,eval_loss,eval_top1,eval_top5
217,3.3446428179740906,0.8137995540870433,81.39637779784688,95.90008846765204
epoch,train_loss,eval_loss,eval_top1,eval_top5
217,3.3446428179740906,0.8137995540870433,81.39637779784688,95.90008846765204
epoch,train_loss,eval_loss,eval_top1,eval_top5
218,3.3435959219932556,0.8126135817127408,81.44037723844522,95.91408775248567
epoch,train_loss,eval_loss,eval_top1,eval_top5
218,3.3435959219932556,0.8126135817127408,81.44037723844522,95.91408775248567
epoch,train_loss,eval_loss,eval_top1,eval_top5
219,3.3034419417381287,0.8114485854814154,81.46837662154228,95.91808704749977
epoch,train_loss,eval_loss,eval_top1,eval_top5
219,3.3034419417381287,0.8114485854814154,81.46837662154228,95.91808704749977
epoch,train_loss,eval_loss,eval_top1,eval_top5
220,3.314595580101013,0.8104453926546469,81.47837581990426,95.89008768133964
epoch,train_loss,eval_loss,eval_top1,eval_top5
220,3.314595580101013,0.8104453926546469,81.47837581990426,95.89008768133964
epoch,train_loss,eval_loss,eval_top1,eval_top5
221,3.288780450820923,0.8095297957322104,81.5363743535371,95.90208837882568
epoch,train_loss,eval_loss,eval_top1,eval_top5
221,3.288780450820923,0.8095297957322104,81.5363743535371,95.90208837882568
epoch,train_loss,eval_loss,eval_top1,eval_top5
222,3.300800383090973,0.808016261549769,81.63437245644126,95.91008784774256
epoch,train_loss,eval_loss,eval_top1,eval_top5
222,3.300800383090973,0.808016261549769,81.63437245644126,95.91008784774256
epoch,train_loss,eval_loss,eval_top1,eval_top5
223,3.282021641731262,0.8056875581238375,81.68437213088625,95.95608684795909
epoch,train_loss,eval_loss,eval_top1,eval_top5
223,3.282021641731262,0.8056875581238375,81.68437213088625,95.95608684795909
epoch,train_loss,eval_loss,eval_top1,eval_top5
224,3.3018181920051575,0.8060226783745575,81.68237203249099,95.96008631875092
epoch,train_loss,eval_loss,eval_top1,eval_top5
224,3.3018181920051575,0.8060226783745575,81.68237203249099,95.96008631875092
epoch,train_loss,eval_loss,eval_top1,eval_top5
225,3.294715166091919,0.804786960901407,81.7683705136322,95.9620866693689
epoch,train_loss,eval_loss,eval_top1,eval_top5
225,3.294715166091919,0.804786960901407,81.7683705136322,95.9620866693689
epoch,train_loss,eval_loss,eval_top1,eval_top5
226,3.284314513206482,0.8041013691444922,81.74637078349132,95.98608639445253
epoch,train_loss,eval_loss,eval_top1,eval_top5
226,3.284314513206482,0.8041013691444922,81.74637078349132,95.98608639445253
epoch,train_loss,eval_loss,eval_top1,eval_top5
227,3.3011143803596497,0.8026040651061979,81.75637003586833,96.00408560645926
epoch,train_loss,eval_loss,eval_top1,eval_top5
227,3.3011143803596497,0.8026040651061979,81.75637003586833,96.00408560645926
epoch,train_loss,eval_loss,eval_top1,eval_top5
228,3.256341338157654,0.8015913802817694,81.79636974383925,96.0040856009662
epoch,train_loss,eval_loss,eval_top1,eval_top5
228,3.256341338157654,0.8015913802817694,81.79636974383925,96.0040856009662
epoch,train_loss,eval_loss,eval_top1,eval_top5
229,3.2020469307899475,0.8008536411303024,81.80036951674907,96.03408505957078
epoch,train_loss,eval_loss,eval_top1,eval_top5
229,3.2020469307899475,0.8008536411303024,81.80036951674907,96.03408505957078
epoch,train_loss,eval_loss,eval_top1,eval_top5
230,3.242872416973114,0.801502026600093,81.7503701229076,96.05808408703652
epoch,train_loss,eval_loss,eval_top1,eval_top5
230,3.242872416973114,0.801502026600093,81.7503701229076,96.05808408703652
epoch,train_loss,eval_loss,eval_top1,eval_top5
231,3.238002121448517,0.8013203017189656,81.74637007488732,96.04608513588396
epoch,train_loss,eval_loss,eval_top1,eval_top5
231,3.238002121448517,0.8013203017189656,81.74637007488732,96.04608513588396
epoch,train_loss,eval_loss,eval_top1,eval_top5
232,3.270773708820343,0.8008205949162267,81.8203691063813,96.04608470239043
epoch,train_loss,eval_loss,eval_top1,eval_top5
232,3.270773708820343,0.8008205949162267,81.8203691063813,96.04608470239043
epoch,train_loss,eval_loss,eval_top1,eval_top5
233,3.2514460682868958,0.8007373055663887,81.8523683173187,96.04208496243893
epoch,train_loss,eval_loss,eval_top1,eval_top5
233,3.2514460682868958,0.8007373055663887,81.8523683173187,96.04208496243893
epoch,train_loss,eval_loss,eval_top1,eval_top5
234,3.248495638370514,0.7990199863971471,81.94036669406992,96.04408530756386
epoch,train_loss,eval_loss,eval_top1,eval_top5
234,3.248495638370514,0.7990199863971471,81.94036669406992,96.04408530756386
epoch,train_loss,eval_loss,eval_top1,eval_top5
235,3.2617741227149963,0.7977206080878383,81.89436719902076,96.06408495212663
epoch,train_loss,eval_loss,eval_top1,eval_top5
235,3.2617741227149963,0.7977206080878383,81.89436719902076,96.06408495212663
epoch,train_loss,eval_loss,eval_top1,eval_top5
236,3.208603084087372,0.7960292454307164,81.96436672676458,96.0500851399598
epoch,train_loss,eval_loss,eval_top1,eval_top5
236,3.208603084087372,0.7960292454307164,81.96436672676458,96.0500851399598
epoch,train_loss,eval_loss,eval_top1,eval_top5
237,3.2083513140678406,0.7944562104851653,82.00236512100203,96.0960837066828
epoch,train_loss,eval_loss,eval_top1,eval_top5
237,3.2083513140678406,0.7944562104851653,82.00236512100203,96.0960837066828
epoch,train_loss,eval_loss,eval_top1,eval_top5
238,3.1839036345481873,0.794144644450861,82.05436426168328,96.13808404404422
epoch,train_loss,eval_loss,eval_top1,eval_top5
238,3.1839036345481873,0.794144644450861,82.05436426168328,96.13808404404422
epoch,train_loss,eval_loss,eval_top1,eval_top5
239,3.224670112133026,0.7942991237831494,82.11236269644114,96.13008333919015
epoch,train_loss,eval_loss,eval_top1,eval_top5
239,3.224670112133026,0.7942991237831494,82.11236269644114,96.13008333919015
epoch,train_loss,eval_loss,eval_top1,eval_top5
240,3.1855629682540894,0.793669810197546,82.15036210735136,96.1240836056692
epoch,train_loss,eval_loss,eval_top1,eval_top5
240,3.1855629682540894,0.793669810197546,82.15036210735136,96.1240836056692
epoch,train_loss,eval_loss,eval_top1,eval_top5
241,3.189054846763611,0.7922949646475821,82.1883621279906,96.10208431909243
epoch,train_loss,eval_loss,eval_top1,eval_top5
241,3.189054846763611,0.7922949646475821,82.1883621279906,96.10208431909243
epoch,train_loss,eval_loss,eval_top1,eval_top5
242,3.260954976081848,0.7917121735690286,82.16636249580917,96.06408512790438
epoch,train_loss,eval_loss,eval_top1,eval_top5
242,3.260954976081848,0.7917121735690286,82.16636249580917,96.06408512790438
epoch,train_loss,eval_loss,eval_top1,eval_top5
243,3.153507947921753,0.790289750845608,82.25836026095641,96.07608503439062
epoch,train_loss,eval_loss,eval_top1,eval_top5
243,3.153507947921753,0.790289750845608,82.25836026095641,96.07608503439062
epoch,train_loss,eval_loss,eval_top1,eval_top5
244,3.1612877249717712,0.7895749799847753,82.25036061076874,96.0740845079949
epoch,train_loss,eval_loss,eval_top1,eval_top5
244,3.1612877249717712,0.7895749799847753,82.25036061076874,96.0740845079949
epoch,train_loss,eval_loss,eval_top1,eval_top5
245,3.179494261741638,0.7890674510728536,82.31835894150647,96.08208435684801
epoch,train_loss,eval_loss,eval_top1,eval_top5
245,3.179494261741638,0.7890674510728536,82.31835894150647,96.08208435684801
epoch,train_loss,eval_loss,eval_top1,eval_top5
246,3.1358094215393066,0.7887782088108238,82.3383587998406,96.06608524323654
epoch,train_loss,eval_loss,eval_top1,eval_top5
246,3.1358094215393066,0.7887782088108238,82.3383587998406,96.06608524323654
epoch,train_loss,eval_loss,eval_top1,eval_top5
247,3.1281133890151978,0.7881945095473091,82.27435975816617,96.10008369931478
epoch,train_loss,eval_loss,eval_top1,eval_top5
247,3.1281133890151978,0.7881945095473091,82.27435975816617,96.10008369931478
epoch,train_loss,eval_loss,eval_top1,eval_top5
248,3.145801305770874,0.7886864821297324,82.2763597077912,96.11208370467601
epoch,train_loss,eval_loss,eval_top1,eval_top5
248,3.145801305770874,0.7886864821297324,82.2763597077912,96.11208370467601
epoch,train_loss,eval_loss,eval_top1,eval_top5
249,3.1498636603355408,0.7883567816924911,82.22436106194257,96.11008396928008
epoch,train_loss,eval_loss,eval_top1,eval_top5
249,3.1498636603355408,0.7883567816924911,82.22436106194257,96.11008396928008
epoch,train_loss,eval_loss,eval_top1,eval_top5
250,3.081673741340637,0.7882360516852163,82.21036115639382,96.04608496056397
epoch,train_loss,eval_loss,eval_top1,eval_top5
250,3.081673741340637,0.7882360516852163,82.21036115639382,96.04608496056397
epoch,train_loss,eval_loss,eval_top1,eval_top5
251,3.1602157950401306,0.787805308346958,82.27235970463086,96.06808477447395
epoch,train_loss,eval_loss,eval_top1,eval_top5
251,3.1602157950401306,0.787805308346958,82.27235970463086,96.06808477447395
epoch,train_loss,eval_loss,eval_top1,eval_top5
252,3.104252517223358,0.7877174780723135,82.25036061076874,96.11008413956476
epoch,train_loss,eval_loss,eval_top1,eval_top5
252,3.104252517223358,0.7877174780723135,82.25036061076874,96.11008413956476
epoch,train_loss,eval_loss,eval_top1,eval_top5
253,3.1534101963043213,0.7871837582779594,82.23036088884545,96.12808334562068
epoch,train_loss,eval_loss,eval_top1,eval_top5
253,3.1534101963043213,0.7871837582779594,82.23036088884545,96.12808334562068
epoch,train_loss,eval_loss,eval_top1,eval_top5
254,3.1561766862869263,0.7869094278270684,82.29636014884683,96.11008432083555
epoch,train_loss,eval_loss,eval_top1,eval_top5
254,3.1561766862869263,0.7869094278270684,82.29636014884683,96.11008432083555
epoch,train_loss,eval_loss,eval_top1,eval_top5
255,3.1650338172912598,0.7857569704074668,82.30835946757627,96.13208325585686
epoch,train_loss,eval_loss,eval_top1,eval_top5
255,3.1650338172912598,0.7857569704074668,82.30835946757627,96.13208325585686
epoch,train_loss,eval_loss,eval_top1,eval_top5
256,3.1357937455177307,0.7852574393824624,82.34035875495869,96.132084486301
epoch,train_loss,eval_loss,eval_top1,eval_top5
256,3.1357937455177307,0.7852574393824624,82.34035875495869,96.132084486301
epoch,train_loss,eval_loss,eval_top1,eval_top5
257,3.115645408630371,0.7854623083319584,82.31035948357571,96.10808378848903
epoch,train_loss,eval_loss,eval_top1,eval_top5
257,3.115645408630371,0.7854623083319584,82.31035948357571,96.10808378848903
epoch,train_loss,eval_loss,eval_top1,eval_top5
258,3.090046465396881,0.7850341723634278,82.3123595705271,96.11608405389876
epoch,train_loss,eval_loss,eval_top1,eval_top5
258,3.090046465396881,0.7850341723634278,82.3123595705271,96.11608405389876
epoch,train_loss,eval_loss,eval_top1,eval_top5
259,3.04291170835495,0.7843249970938081,82.34035889823585,96.1320837717462
epoch,train_loss,eval_loss,eval_top1,eval_top5
259,3.04291170835495,0.7843249970938081,82.34035889823585,96.1320837717462
epoch,train_loss,eval_loss,eval_top1,eval_top5
260,3.092509686946869,0.7843325848326783,82.37635826064607,96.16208262657257
epoch,train_loss,eval_loss,eval_top1,eval_top5
260,3.092509686946869,0.7843325848326783,82.37635826064607,96.16208262657257
epoch,train_loss,eval_loss,eval_top1,eval_top5
261,3.068063199520111,0.784117315700561,82.43035705478518,96.10408336236351
epoch,train_loss,eval_loss,eval_top1,eval_top5
261,3.068063199520111,0.784117315700561,82.43035705478518,96.10408336236351
epoch,train_loss,eval_loss,eval_top1,eval_top5
262,3.1167993545532227,0.7836601764058468,82.47635562700123,96.06408469395309
epoch,train_loss,eval_loss,eval_top1,eval_top5
262,3.1167993545532227,0.7836601764058468,82.47635562700123,96.06408469395309
epoch,train_loss,eval_loss,eval_top1,eval_top5
263,3.097473978996277,0.7832776840556939,82.4883557587027,96.07008521847385
epoch,train_loss,eval_loss,eval_top1,eval_top5
263,3.097473978996277,0.7832776840556939,82.4883557587027,96.07008521847385
epoch,train_loss,eval_loss,eval_top1,eval_top5
264,2.998328983783722,0.7830379818184886,82.49835548485564,96.076084869599
epoch,train_loss,eval_loss,eval_top1,eval_top5
264,2.998328983783722,0.7830379818184886,82.49835548485564,96.076084869599
epoch,train_loss,eval_loss,eval_top1,eval_top5
265,3.1162824630737305,0.7827734070318594,82.48435540902219,96.06608531373074
epoch,train_loss,eval_loss,eval_top1,eval_top5
265,3.1162824630737305,0.7827734070318594,82.48435540902219,96.06608531373074
epoch,train_loss,eval_loss,eval_top1,eval_top5
266,3.0018004775047302,0.7821769638825974,82.4963554033973,96.09808503506443
epoch,train_loss,eval_loss,eval_top1,eval_top5
266,3.0018004775047302,0.7821769638825974,82.4963554033973,96.09808503506443
epoch,train_loss,eval_loss,eval_top1,eval_top5
267,3.0619811415672302,0.782307859702181,82.57235430761355,96.10408397209252
epoch,train_loss,eval_loss,eval_top1,eval_top5
267,3.0619811415672302,0.782307859702181,82.57235430761355,96.10408397209252
epoch,train_loss,eval_loss,eval_top1,eval_top5
268,3.0564452409744263,0.7822275878701176,82.58435395592625,96.09808441434932
epoch,train_loss,eval_loss,eval_top1,eval_top5
268,3.0564452409744263,0.7822275878701176,82.58435395592625,96.09808441434932
epoch,train_loss,eval_loss,eval_top1,eval_top5
269,3.0806996822357178,0.7820207560692536,82.56635440380792,96.13208325585686
epoch,train_loss,eval_loss,eval_top1,eval_top5
269,3.0806996822357178,0.7820207560692536,82.56635440380792,96.13208325585686
epoch,train_loss,eval_loss,eval_top1,eval_top5
270,2.993871808052063,0.7816190160571789,82.59435377546112,96.15008254980164
epoch,train_loss,eval_loss,eval_top1,eval_top5
270,2.993871808052063,0.7816190160571789,82.59435377546112,96.15008254980164
epoch,train_loss,eval_loss,eval_top1,eval_top5
271,3.016179919242859,0.780706055800759,82.58635394949572,96.16608200947553
epoch,train_loss,eval_loss,eval_top1,eval_top5
271,3.016179919242859,0.780706055800759,82.58635394949572,96.16608200947553
epoch,train_loss,eval_loss,eval_top1,eval_top5
272,3.0513160824775696,0.780287646200201,82.59035373339164,96.19008208611463
epoch,train_loss,eval_loss,eval_top1,eval_top5
272,3.0513160824775696,0.780287646200201,82.59035373339164,96.19008208611463
epoch,train_loss,eval_loss,eval_top1,eval_top5
273,2.9856460094451904,0.7802973725681737,82.64435259802494,96.17808234991305
epoch,train_loss,eval_loss,eval_top1,eval_top5
273,2.9856460094451904,0.7802973725681737,82.64435259802494,96.17808234991305
epoch,train_loss,eval_loss,eval_top1,eval_top5
274,3.0038111209869385,0.7797861523238285,82.62635278224,96.16608227314214
epoch,train_loss,eval_loss,eval_top1,eval_top5
274,3.0038111209869385,0.7797861523238285,82.62635278224,96.16608227314214
epoch,train_loss,eval_loss,eval_top1,eval_top5
275,2.9937490224838257,0.779707403898797,82.66235223803214,96.17808235540612
epoch,train_loss,eval_loss,eval_top1,eval_top5
275,2.9937490224838257,0.779707403898797,82.66235223803214,96.17808235540612
epoch,train_loss,eval_loss,eval_top1,eval_top5
276,3.039050877094269,0.7793480556170127,82.69635153042789,96.18208208986455
epoch,train_loss,eval_loss,eval_top1,eval_top5
276,3.039050877094269,0.7793480556170127,82.69635153042789,96.18208208986455
epoch,train_loss,eval_loss,eval_top1,eval_top5
277,3.056699812412262,0.7788093554535159,82.67635205569204,96.19208243673262
epoch,train_loss,eval_loss,eval_top1,eval_top5
277,3.056699812412262,0.7788093554535159,82.67635205569204,96.19208243673262
epoch,train_loss,eval_loss,eval_top1,eval_top5
278,3.0391225814819336,0.7782864459898302,82.74035106440816,96.18608200010073
epoch,train_loss,eval_loss,eval_top1,eval_top5
278,3.0391225814819336,0.7782864459898302,82.74035106440816,96.18608200010073
epoch,train_loss,eval_loss,eval_top1,eval_top5
279,3.06801837682724,0.7778403513960971,82.75035114760962,96.18208288086436
epoch,train_loss,eval_loss,eval_top1,eval_top5
279,3.06801837682724,0.7778403513960971,82.75035114760962,96.18208288086436
epoch,train_loss,eval_loss,eval_top1,eval_top5
280,3.051960587501526,0.7774119810572538,82.72635063701924,96.20808190189956
epoch,train_loss,eval_loss,eval_top1,eval_top5
280,3.051960587501526,0.7774119810572538,82.72635063701924,96.20808190189956
epoch,train_loss,eval_loss,eval_top1,eval_top5
281,2.9668853282928467,0.776812051649592,82.73835045012356,96.20408207955225
epoch,train_loss,eval_loss,eval_top1,eval_top5
281,2.9668853282928467,0.776812051649592,82.73835045012356,96.20408207955225
epoch,train_loss,eval_loss,eval_top1,eval_top5
282,2.98266065120697,0.7764797438426232,82.7063514319008,96.21408181119826
epoch,train_loss,eval_loss,eval_top1,eval_top5
282,2.98266065120697,0.7764797438426232,82.7063514319008,96.21408181119826
epoch,train_loss,eval_loss,eval_top1,eval_top5
283,2.9558316469192505,0.7761524164047969,82.69835222069973,96.19208226644793
epoch,train_loss,eval_loss,eval_top1,eval_top5
283,2.9558316469192505,0.7761524164047969,82.69835222069973,96.19208226644793
epoch,train_loss,eval_loss,eval_top1,eval_top5
284,2.929112672805786,0.7762796208919571,82.77834963991639,96.17408289010733
epoch,train_loss,eval_loss,eval_top1,eval_top5
284,2.929112672805786,0.7762796208919571,82.77834963991639,96.17408289010733
epoch,train_loss,eval_loss,eval_top1,eval_top5
285,2.9534480571746826,0.7763464750236245,82.77234973611074,96.1600834240029
epoch,train_loss,eval_loss,eval_top1,eval_top5
285,2.9534480571746826,0.7763464750236245,82.77234973611074,96.1600834240029
epoch,train_loss,eval_loss,eval_top1,eval_top5
286,2.9698548316955566,0.7766932844936851,82.71235098918628,96.16808306320446
epoch,train_loss,eval_loss,eval_top1,eval_top5
286,2.9698548316955566,0.7766932844936851,82.71235098918628,96.16808306320446
epoch,train_loss,eval_loss,eval_top1,eval_top5
287,2.9965428709983826,0.7765288737194006,82.72635071346424,96.15208271914884
epoch,train_loss,eval_loss,eval_top1,eval_top5
287,2.9965428709983826,0.7765288737194006,82.72635071346424,96.15208271914884
epoch,train_loss,eval_loss,eval_top1,eval_top5
288,2.9844648241996765,0.77621560850033,82.75035035615205,96.17808217962838
epoch,train_loss,eval_loss,eval_top1,eval_top5
288,2.9844648241996765,0.77621560850033,82.75035035615205,96.17808217962838
epoch,train_loss,eval_loss,eval_top1,eval_top5
289,2.9764979481697083,0.7761057181200126,82.77834964540943,96.19808225814243
epoch,train_loss,eval_loss,eval_top1,eval_top5
289,2.9764979481697083,0.7761057181200126,82.77834964540943,96.19808225814243
epoch,train_loss,eval_loss,eval_top1,eval_top5
290,3.0053442120552063,0.7758097670077848,82.72835060724323,96.18608226376732
epoch,train_loss,eval_loss,eval_top1,eval_top5
290,3.0053442120552063,0.7758097670077848,82.72835060724323,96.18608226376732
epoch,train_loss,eval_loss,eval_top1,eval_top5
291,2.9542922377586365,0.7749878889140968,82.77034970866745,96.17208200666309
epoch,train_loss,eval_loss,eval_top1,eval_top5
291,2.9542922377586365,0.7749878889140968,82.77034970866745,96.17208200666309
epoch,train_loss,eval_loss,eval_top1,eval_top5
292,2.969860553741455,0.7742971117140157,82.78034996764664,96.18408217681593
epoch,train_loss,eval_loss,eval_top1,eval_top5
292,2.969860553741455,0.7742971117140157,82.78034996764664,96.18408217681593
epoch,train_loss,eval_loss,eval_top1,eval_top5
293,2.995621383190155,0.7742971117140157,82.82434923841807,96.2200815447192
epoch,train_loss,eval_loss,eval_top1,eval_top5
293,2.995621383190155,0.7742971117140157,82.82434923841807,96.2200815447192
epoch,train_loss,eval_loss,eval_top1,eval_top5
294,2.963110327720642,0.7742609893895872,82.81434897943886,96.21408181119826
epoch,train_loss,eval_loss,eval_top1,eval_top5
294,2.963110327720642,0.7742609893895872,82.81434897943886,96.21408181119826
epoch,train_loss,eval_loss,eval_top1,eval_top5
295,2.933625340461731,0.774046599146142,82.80234951789001,96.23208118753885
epoch,train_loss,eval_loss,eval_top1,eval_top5
295,2.933625340461731,0.774046599146142,82.80234951789001,96.23208118753885
epoch,train_loss,eval_loss,eval_top1,eval_top5
296,2.9628719687461853,0.7741307673846523,82.78434986643894,96.22808110152494
epoch,train_loss,eval_loss,eval_top1,eval_top5
296,2.9628719687461853,0.7741307673846523,82.78434986643894,96.22808110152494
epoch,train_loss,eval_loss,eval_top1,eval_top5
297,2.9720277786254883,0.774233304396412,82.7503504321393,96.22808136519154
epoch,train_loss,eval_loss,eval_top1,eval_top5
297,2.9720277786254883,0.774233304396412,82.7503504321393,96.22808136519154
epoch,train_loss,eval_loss,eval_top1,eval_top5
298,2.9481297731399536,0.7742659697587299,82.75235034331295,96.24608074153214
epoch,train_loss,eval_loss,eval_top1,eval_top5
298,2.9481297731399536,0.7742659697587299,82.75235034331295,96.24608074153214
epoch,train_loss,eval_loss,eval_top1,eval_top5
299,2.9710670113563538,0.7735881708147087,82.76434945330634,96.22408092762217
epoch,train_loss,eval_loss,eval_top1,eval_top5
299,2.9710670113563538,0.7735881708147087,82.76434945330634,96.22408092762217
epoch,train_loss,eval_loss,eval_top1,eval_top5
300,2.972792088985443,0.7739256640648438,82.7563502366122,96.20608181494818
epoch,train_loss,eval_loss,eval_top1,eval_top5
300,2.972792088985443,0.7739256640648438,82.7563502366122,96.20608181494818
epoch,train_loss,eval_loss,eval_top1,eval_top5
301,2.981655776500702,0.7744840513345983,82.75435085277176,96.1840822647048
epoch,train_loss,eval_loss,eval_top1,eval_top5
301,2.981655776500702,0.7744840513345983,82.75435085277176,96.1840822647048
epoch,train_loss,eval_loss,eval_top1,eval_top5
302,2.9561543464660645,0.7746099667850393,82.7743495365078,96.1960812044135
epoch,train_loss,eval_loss,eval_top1,eval_top5
302,2.9561543464660645,0.7746099667850393,82.7743495365078,96.1960812044135
epoch,train_loss,eval_loss,eval_top1,eval_top5
303,2.9024503231048584,0.7745491769852103,82.77034997233405,96.20008155409401
epoch,train_loss,eval_loss,eval_top1,eval_top5
303,2.9024503231048584,0.7745491769852103,82.77034997233405,96.20008155409401
epoch,train_loss,eval_loss,eval_top1,eval_top5
304,2.966304302215576,0.7744503020095848,82.78035040709098,96.18408208892707
epoch,train_loss,eval_loss,eval_top1,eval_top5
304,2.966304302215576,0.7744503020095848,82.78035040709098,96.18408208892707
epoch,train_loss,eval_loss,eval_top1,eval_top5
305,2.9779499173164368,0.7740003110094048,82.76634989730626,96.17408226939222
epoch,train_loss,eval_loss,eval_top1,eval_top5
305,2.9779499173164368,0.7740003110094048,82.76634989730626,96.17408226939222
epoch,train_loss,eval_loss,eval_top1,eval_top5
306,2.9054489135742188,0.7738603333402082,82.7783505838062,96.16208289023916
epoch,train_loss,eval_loss,eval_top1,eval_top5
306,2.9054489135742188,0.7738603333402082,82.7783505838062,96.16208289023916
epoch,train_loss,eval_loss,eval_top1,eval_top5
307,2.8785048723220825,0.7744662977834194,82.76835050609779,96.18608191221185
epoch,train_loss,eval_loss,eval_top1,eval_top5
307,2.8785048723220825,0.7744662977834194,82.76835050609779,96.18608191221185
epoch,train_loss,eval_loss,eval_top1,eval_top5
308,2.9685057401657104,0.7747594364518959,82.78435022943829,96.20008190564948
epoch,train_loss,eval_loss,eval_top1,eval_top5
308,2.9685057401657104,0.7747594364518959,82.78435022943829,96.20008190564948
epoch,train_loss,eval_loss,eval_top1,eval_top5
309,2.9327191710472107,0.7747616043772875,82.79434955002071,96.19208217306601
epoch,train_loss,eval_loss,eval_top1,eval_top5
309,2.9327191710472107,0.7747616043772875,82.79434955002071,96.19208217306601
